<?xml version="1.0" encoding="UTF-8" standalone="yes"?>
<addon id="repository.solbero.matrix" name="solbero's Kodi add-on repository" version="1.0.0" provider-name="solbero">
    <extension point="xbmc.addon.repository" name="solbero's Kodi addon repository">
		<dir>
            <info compressed="false">https://raw.githubusercontent.com/solbero/repository.solbero.matrix/master/addons.xml</info>
            <checksum>https://raw.githubusercontent.com/solbero/repository.solbero.matrix/master/addons.xml.md5</checksum>
            <datadir zip="true">https://raw.githubusercontent.com/solbero/repository.solbero.matrix/master/</datadir>
        </dir>
    </extension>
    <extension point="xbmc.addon.metadata">
        <summary>solbero's Kodi add-on repository</summary>
        <description>Kodi Matrix addons repackaged by solbero</description>
        <disclaimer></disclaimer>
        <platform>linux</platform>
		<assets>
		    <icon>icon.png</icon>
		</assets>
    </extension>
</addon>

